{"initial_reset_timestamp": 1559854795.4222841, "timestamps": [1559854801.779072], "episode_lengths": [1328], "episode_rewards": [3043.0], "episode_types": ["t", "t"]}