{"initial_reset_timestamp": 1560199721.3915823, "timestamps": [1560199742.27299], "episode_lengths": [4163], "episode_rewards": [533.0], "episode_types": ["t", "t"]}