#{"t_start": 1555703212.8957374, "env_id": "SuperMarioBros-1-1-v0"}
r,l,t
611,3184,16.200358
204,330,17.648445
327,5459,41.975502
199,388,43.890301
