#{"t_start": 1555703212.9216263, "env_id": "SuperMarioBros-1-1-v0"}
r,l,t
208,464,4.296562
21,554,6.690046
450,5513,31.195171
