#{"t_start": 1555703212.9447434, "env_id": "SuperMarioBros-1-1-v0"}
r,l,t
411,8110,38.001161
148,382,39.798949
