#{"t_start": 1555703212.9546373, "env_id": "SuperMarioBros-1-1-v0"}
r,l,t
481,6235,29.805704
151,356,31.397164
