#{"t_start": 1555703212.959588, "env_id": "SuperMarioBros-1-1-v0"}
r,l,t
267,8056,37.743587
154,631,40.637292
131,494,43.035187
186,550,45.493899
