#{"t_start": 1555703212.9489024, "env_id": "SuperMarioBros-1-1-v0"}
r,l,t
1079,5375,25.795074
