#{"t_start": 1555703212.9597619, "env_id": "SuperMarioBros-1-1-v0"}
r,l,t
132,504,4.428307
539,4518,24.274858
215,454,26.221528
