#{"t_start": 1555703212.9563541, "env_id": "SuperMarioBros-1-1-v0"}
r,l,t
-34,972,6.427508
368,8110,42.582043
148,544,45.017175
