#{"t_start": 1555703212.9175715, "env_id": "SuperMarioBros-1-1-v0"}
r,l,t
267,7997,37.527811
