#{"t_start": 1555703212.927581, "env_id": "SuperMarioBros-1-1-v0"}
r,l,t
581,1714,9.697766
674,7810,44.598498
