#{"t_start": 1555703212.9270322, "env_id": "SuperMarioBros-1-1-v0"}
r,l,t
142,615,4.927683
87,390,6.626019
557,3630,22.557689
