#{"t_start": 1555703212.923587, "env_id": "SuperMarioBros-1-1-v0"}
r,l,t
610,4612,22.444108
978,1642,29.926813
207,250,31.059174
662,2446,41.858184
181,482,44.197295
