#{"t_start": 1555703212.929763, "env_id": "SuperMarioBros-1-1-v0"}
r,l,t
159,464,4.288309
508,2689,16.048037
