#{"t_start": 1555703212.946824, "env_id": "SuperMarioBros-1-1-v0"}
r,l,t
237,8056,37.757567
193,552,40.315223
