#{"t_start": 1555703212.9427202, "env_id": "SuperMarioBros-1-1-v0"}
r,l,t
516,5784,27.614436
