#{"t_start": 1555783360.7750475, "env_id": "SuperMarioBros-1-1-v0"}
r,l,t
190,404,22.64592
61,871,68.285003
