#{"t_start": 1559854793.2870572, "env_id": "SuperMarioBros-1-1-v0"}
r,l,t
3043,1328,8.492908
